{
  "resources": [
    "sounds.ogg",
    "sounds.m4a",
    "sounds.mp3",
    "sounds.ac3"
  ],
  "spritemap": {
    "arrow_2": {
      "start": 0,
      "end": 0.37498866213151927,
      "loop": false
    },
    "swing_1": {
      "start": 2,
      "end": 2.2291609977324263,
      "loop": false
    },
    "swing_2": {
      "start": 4,
      "end": 4.145827664399093,
      "loop": false
    },
    "swing_3": {
      "start": 6,
      "end": 6.138027210884354,
      "loop": false
    },
    "chest_default": {
      "start": 8,
      "end": 11.430748299319728,
      "loop": false
    },
    "chest_weapon": {
      "start": 13,
      "end": 18.143219954648526,
      "loop": false
    },
    "dash_1": {
      "start": 20,
      "end": 20.528684807256237,
      "loop": false
    },
    "dash_2": {
      "start": 22,
      "end": 22.590544217687075,
      "loop": false
    },
    "hit_1": {
      "start": 24,
      "end": 24.416666666666668,
      "loop": false
    },
    "hit_2": {
      "start": 26,
      "end": 26.395850340136054,
      "loop": false
    },
    "hit_3": {
      "start": 28,
      "end": 29,
      "loop": false
    },
    "hit_4": {
      "start": 30,
      "end": 32.5,
      "loop": false
    },
    "hit_5": {
      "start": 34,
      "end": 36.5,
      "loop": false
    },
    "potion": {
      "start": 38,
      "end": 38.47916099773243,
      "loop": false
    },
    "confirm_1": {
      "start": 40,
      "end": 46,
      "loop": false
    },
    "confirm_2": {
      "start": 47,
      "end": 53,
      "loop": false
    },
    "switch": {
      "start": 54,
      "end": 60,
      "loop": false
    },
    "fireball_1": {
      "start": 61,
      "end": 62.98687074829932,
      "loop": false
    },
    "fireball_2": {
      "start": 64,
      "end": 66.1091156462585,
      "loop": false
    },
    "ghost": {
      "start": 68,
      "end": 71.25,
      "loop": false
    },
    "teleport_1": {
      "start": 73,
      "end": 74.62498866213151,
      "loop": false
    },
    "stepstone_1": {
      "start": 76,
      "end": 76.41795918367347,
      "loop": false
    },
    "stepstone_2": {
      "start": 78,
      "end": 78.41795918367347,
      "loop": false
    },
    "stepstone_3": {
      "start": 80,
      "end": 80.37501133786849,
      "loop": false
    },
    "stepstone_4": {
      "start": 82,
      "end": 82.37501133786849,
      "loop": false
    },
    "stepstone_5": {
      "start": 84,
      "end": 84.37501133786849,
      "loop": false
    },
    "stepstone_6": {
      "start": 86,
      "end": 86.37501133786849,
      "loop": false
    },
    "stepstone_7": {
      "start": 88,
      "end": 88.37501133786849,
      "loop": false
    },
    "stepstone_8": {
      "start": 90,
      "end": 90.37501133786849,
      "loop": false
    },
    "spike": {
      "start": 92,
      "end": 92.89582766439909,
      "loop": false
    },
    "door_open_1": {
      "start": 94,
      "end": 95,
      "loop": false
    },
    "explosion_1": {
      "start": 96,
      "end": 97.1836507936508,
      "loop": false
    }
  }
}